Year,Crops,Area,Average_Yield,Production,Autum_Area,Autum_Average_Yield ,Autum_Production,Summer_Area,Summer_Average_Yield,Summer_Production
1995,Beans,3007.9,1,1267.8,2881.7,0.9,1152.1,126.2,0.9,115.7
1995,Cabbage,1035.3,1.9,1918.4,1002.1,1.9,1871.9,33.2,1.4,46.5
1995,Carrot,79.7,0.9,69.4,79.7,0.9,69.4,0,0,0
1995,Cauliflower,644.3,1.6,1052.1,644.3,1.6,1052.1,0,0,0
1995,Cowpeas,372.2,0.3,118.9,19.9,0.5,10,352.3,0.3,108.9
1995,Cucumber,2022.5,9.8,19743.1,1972.7,9.9,19529.7,49.8,4.3,213.4
1995,Eggplants,2921.7,4.6,13313,343,2.2,752.2,2578.7,4.9,12560.8
1995,Jew's mallow,3371.5,2.5,8267,192.6,1.4,275.2,3178.9,2.5,7991.8
1995,Lettuce,629.2,1.2,751.9,629.2,1.2,751.9,0,0,0
1995,Okra,1001.5,0.3,252.4,0,0,0,1001.5,0.3,252.4
1995,Onion dry,1071.7,1.6,1674,1071.7,1.6,1674,0,0,0
1995,Onion green,328.6,1.4,465.3,328.6,1.4,465.3,0,0,0
1995,Others_(Vegetables),863.5,1.2,1021.5,478.3,0.9,450.5,385.2,1.5,571
1995,Parsley,884.4,0.4,391.7,638.6,0.5,288,245.8,0.4,103.7
1995,Pepper,1700.1,5.9,4812.9,1249,7,4369.3,451.1,3.3,443.6
1995,Potato,4049.4,2.1,8352.5,3938.7,2.1,8157,110.7,1.8,195.5
1995,Radish,385.2,1.6,605.9,385.2,1.6,605.9,0,0,0
1995,Spinach,956.4,1.8,1712.9,956.4,1.8,1712.9,0,0,0
1995,Squash,5779.1,2.3,13406.7,5136.3,2.2,11017.4,642.8,3.7,2389.3
1995,Sweet melon,38.5,1.1,42.4,0,0,0,38.5,1.1,42.4
1995,Tomatoes,10407.2,5.7,59744.2,1524.3,5.6,8472.1,8882.9,5.8,51272.1
1995,Turnip,146.1,2.8,412.1,146.1,2.8,412.1,0,0,0
1995,Water melon,112.4,2.9,325.8,0,0,0,112.4,2.9,325.8
1996,Beans,3076,2.3,3172.5,2849.2,2.7,3086.3,226.8,1.1,86.2
1996,Cabbage,809.3,3.8,3103.3,692.6,4,2745.5,116.7,3.1,357.8
1996,Carrot,45.4,2,90.7,45.4,2,90.7,0,0,0
1996,Cauliflower,543.5,2.8,1532.9,478.7,2.8,1322.2,64.8,3.3,210.7
1996,Cowpeas,162,0.4,64.8,0,0,0,162,0.4,64.8
1996,Cucumber,1495.6,11,16421.4,1284.9,11.6,14904.8,210.7,7.2,1516.6
1996,Eggplants,1954.2,0.8,1648.6,139.3,4.5,625,1814.9,0.6,1023.6
1996,Jew's mallow,4665.4,0.7,3154.5,71.3,1.2,85.6,4594.1,0.7,3068.9
1996,Lettuce,893.3,1,894.9,783.1,1,762.7,110.2,1.2,132.2
1996,Okra,1440.2,0.2,257.8,0,0,0,1440.2,0.2,257.8
1996,Onion dry,3959.5,1.8,6935.5,2773.1,1.8,4897.3,1186.4,1.7,2038.2
1996,Onion green,478.7,0.3,135.8,465.7,0.3,120.2,13,1.2,15.6
1996,Others_(Vegetables),64.8,1,64.2,64.8,1,64.2,0,0,0
1996,Parsley,436.9,0.8,343.3,375.3,0.8,300.2,61.6,0.7,43.1
1996,Peas,13,0.5,6.5,13,0.5,6.5,0,0,0
1996,Pepper,1425.4,6.1,4617.2,1078.7,7.1,4004,346.7,4.1,613.2
1996,Potato,13074.7,2.2,29343.4,8677.1,2.3,19514.8,4397.6,2.2,9828.6
1996,Radish,491.4,0.9,453.3,459,0.9,420.9,32.4,1,32.4
1996,Spinach,524.2,0.4,188.2,524.2,0.4,188.2,0,0,0
1996,Squash,4236.3,1.6,6588.1,3734.2,1.3,4869.4,502.1,3.4,1718.7
1996,Sweet melon,64.8,1.1,71.3,0,0,0,64.8,1.1,71.3
1996,Tomatoes,8103.4,5.9,47990.5,1112.8,6.6,7312.2,6990.6,5.8,40678.3
1996,Turnip,129.4,0.9,113.2,129.4,0.9,113.2,0,0,0
1997,Beans,2586.5,1.1,1384.1,1869,1.6,1007.6,717.5,1.1,376.5
1997,Cabbage,458,3.1,1410.9,370,3.1,1128.1,88,3.2,282.8
1997,Carrot,24,2.1,50,24,2.1,50,0,0,0
1997,Cauliflower,652,2.3,1480.1,542.5,2.4,1303.6,109.5,1.6,176.5
1997,Cowpeas,535.6,0.3,175,11,0.7,7.7,524.6,0.3,167.3
1997,Cucumber,1683.5,10.7,15660.8,1391.5,11,13729.6,292,10.8,1931.2
1997,Eggplants,3197.5,3.5,11318.6,410.5,6.3,2598.1,2787,3.1,8720.5
1997,Jew's mallow,2506.2,2.6,6415,120.5,2.7,321.9,2385.7,2.6,6093.1
1997,Lettuce,406,1.5,618.6,343,1.3,458.2,63,2.6,160.4
1997,Okra,1856.9,0.2,414.1,38,0.9,33.9,1818.9,0.2,380.2
1997,Onion dry,528,3,1576.6,168.5,2.8,478.7,359.5,3.1,1097.9
1997,Onion green,452.5,1.8,831.7,384.5,1.8,682.9,68,2.2,148.8
1997,Others_(Vegetables),540,1.6,874,140,1.9,259.5,400,1.5,614.5
1997,Parsley,433.5,0.8,362.6,422.5,0.8,349.4,11,1.2,13.2
1997,Peas,47.5,0.7,32.8,41,0.7,28.2,6.5,0.7,4.6
1997,Pepper,1684.8,6.8,5518.2,1177.8,8.4,4484.2,507,3.6,1034
1997,Potato,7768.5,1.2,9204.7,5873,1.2,6930.1,1895.5,1.2,2274.6
1997,Radish,235.5,3.7,879.4,225.5,3.8,852.8,10,2.7,26.6
1997,Spinach,511,4.3,2186.9,503,4.3,2170.9,8,2,16
1997,Squash,5819.1,1,5934.6,4337.6,1.1,4702,1481.5,0.8,1232.6
1997,Sweet melon,101.5,1.6,157.4,0,0,0,101.5,1.6,157.4
1997,Tomatoes,10031.9,4.2,42559.4,1347.9,10.6,14275.6,8684,3.3,28283.8
1997,Turnip,131,2,259.9,131,2,259.9,0,0,0
1997,Water melon,210,3.9,819,0,0,0,210,3.9,819
1998,Beans,3306.6,2.3,3258.7,2763.3,3.4,2947.9,543.3,0.6,310.8
1998,Cabbage,556.7,3.2,1769.5,490,3.5,1722.8,66.7,0.7,46.7
1998,Cauliflower,446.7,1.3,600.5,426.7,1.3,532.5,20,3.4,68
1998,Cowpeas,240,1,235.2,0,0,0,240,1,235.2
1998,Cucumber,1493.3,9.3,13894.6,1370,10,13631.5,123.3,2.1,263.1
1998,Eggplants,1536.7,3,4616.2,140,1.7,234.8,1396.7,3.1,4381.4
1998,Jew's mallow,1833.3,1.5,2814.1,0,0,0,1833.3,1.5,2814.1
1998,Lettuce,1209.4,3,3649,862.7,3.4,2955.6,346.7,2,693.4
1998,Okra,1173.3,0.5,565.5,0,0,0,1173.3,0.5,565.5
1998,Onion dry,650,0.6,400.2,576.7,0.5,284.3,73.3,1.6,115.9
1998,Onion green,326.7,1.8,588.1,326.7,1.8,588.1,0,0,0
1998,Others_(Vegetables),1479.9,1,1507.9,629.9,0.8,487.6,850,1.2,1020.2
1998,Parsley,813.3,0.6,508.3,813.3,0.6,508.3,0,0,0
1998,Pepper,1890,6.5,6262.5,1010,6.6,3354.2,880,6.5,2908.3
1998,Potato,7354.7,1.7,12261,5380,1.6,8570.3,1974.7,1.9,3690.7
1998,Radish,233.3,4.5,1050.1,233.3,4.5,1050.1,0,0,0
1998,Spinach,433.3,1.5,666.6,200,1,200,233.3,2,466.6
1998,Squash,4671.7,1.3,5982.8,3780,1.2,4528.4,891.7,1.6,1454.4
1998,Sweet melon,126.7,2.8,348.7,0,0,0,126.7,2.8,348.7
1998,Tomatoes,7846.6,4.2,33031.2,1153.3,6.8,7830.9,6693.3,3.8,25200.3
1998,Turnip,83.3,0.7,55.6,83.3,0.7,55.6,0,0,0
1999,Beans,2708.5,1.8,2424.7,2267.9,2.1,2206.2,440.6,0.9,218.5
1999,Cabbage,762.4,3.4,2596.7,762.4,3.4,2596.7,0,0,0
1999,Carrot,73.9,2.8,203.2,73.9,2.8,203.2,0,0,0
1999,Cauliflower,956.4,2.3,2236.1,956.4,2.3,2236.1,0,0,0
1999,Cowpeas,347,0.8,282.8,6.9,0.7,4.9,340.1,0.8,277.9
1999,Cucumber,1063.8,10.9,9456.9,984.1,10.2,9054.9,79.7,13.7,402
1999,Eggplants,1954.8,4.5,8714.7,394.2,4,1585.9,1560.6,4.6,7128.8
1999,Jew's mallow,3225.2,1.4,4517.3,65.3,1.8,115.6,3159.9,1.4,4401.7
1999,Lettuce,891.5,1.7,1527.1,891.5,1.7,1527.1,0,0,0
1999,Okra,1666.3,0.6,961.5,0,0,0,1666.3,0.6,961.5
1999,Onion dry,174.2,2.6,457.6,148.1,2.8,407.4,26.1,1.9,50.2
1999,Onion green,363.4,0.8,283.5,363.4,0.8,283.5,0,0,0
1999,Others_(Vegetables),1420.3,1.1,1596.3,1025.6,1.1,1107.8,394.7,1.2,488.5
1999,Parsley,1003.9,0.8,809,983.8,0.8,792.9,20.1,0.8,16.1
1999,Pepper,2934.4,4.7,7208.7,1854.7,4.3,4239.5,1079.7,5.4,2969.2
1999,Potato,5126.1,3.1,15736.6,4517.5,3.4,15409.2,608.6,0.5,327.4
1999,Radish,495.7,2.8,1402.8,495.7,2.8,1402.8,0,0,0
1999,Spinach,554.4,1.4,748.4,554.4,1.4,748.4,0,0,0
1999,Squash,4508.6,1.5,6760.5,4223,1.6,6617.4,285.6,0.5,143.1
1999,Sweet melon,53.6,1.9,99.8,39.2,1.8,71,14.4,2,28.8
1999,Tomatoes,4539.9,3.1,14187.9,1138.7,8.3,9439.8,3401.2,1.4,4748.1
1999,Turnip,75.3,2.5,188.3,75.3,2.5,188.3,0,0,0
2000,Beans,3319.4,0.9,1574.8,2054.3,0.7,658.9,1265.1,0.7,915.9
2000,Cabbage,1124.5,2.8,3148.3,953.7,2.6,2489.2,170.8,3.9,659.1
2000,Carrot,68.3,3.2,215.3,68.3,3.2,215.3,0,0,0
2000,Cauliflower,962,3.7,3547.4,927.8,3.7,3414.3,34.2,3.9,133.1
2000,Cowpeas,486.4,0.8,366,30.7,0.2,7.4,455.7,0.8,358.6
2000,Cucumber,2542.9,15,33696.2,1125.5,14,15757,1417.4,14.5,17939.2
2000,Eggplants,3363.2,1.6,5269.6,625.1,1.9,1187.1,2738.1,1.5,4082.5
2000,Jew's mallow,1888.5,1.6,2985.9,433.4,2.8,1193.2,1455.1,1.2,1792.7
2000,Lettuce,607.9,1.5,935.7,587.6,1.5,907.3,20.3,1.4,28.4
2000,Okra,2288.5,0.2,356.9,18.3,1.3,23.2,2270.2,0.2,333.7
2000,Onion dry,552.6,2.8,1559.1,54.5,0.3,16,498.1,3.1,1543.1
2000,Onion green,517.3,4.6,2351.3,510.5,4.6,2321.2,6.8,4.4,30.1
2000,Others_(Vegetables),1986,2.3,4535.1,1065.7,2.2,2325.7,920.3,2.4,2209.3
2000,Parsley,543.3,2,1108.3,543.3,2,1108.3,0,0,0
2000,Peas,190.5,0.8,149.4,190.5,0.8,149.4,0,0,0
2000,Pepper,2992.2,5.2,8061.6,2327.2,6.2,7394.1,665,2.1,667.5
2000,Potato,6145.8,1.6,9921.2,4459.2,1.6,7170.4,1686.6,1.6,2750.8
2000,Radish,196.6,1.1,213.1,196.6,1.1,213.1,0,0,0
2000,Spinach,577.2,2.1,1200,577.2,2.1,1200,0,0,0
2000,Squash,5835.3,0.9,5230.6,5020.6,0.9,4272.5,814.7,1.2,958.1
2000,Tomatoes,11623.7,7.7,88885.1,1655.2,19.6,32463.4,9968.5,5.7,56421.7
2000,Turnip,13.7,0.2,2.1,13.7,0.2,2.1,0,0,0
2001,Beans,2494.4,3.1,3851.3,2257.5,3.5,3680.7,236.9,0.7,170.6
2001,Cabbage,932.5,2,1838.7,817.4,2,1638.9,115.1,1.7,199.8
2001,Cauliflower,1434,2.7,3879.1,1346.3,2.7,3567.7,87.7,3.6,311.4
2001,Cowpeas,358.2,1.6,583.5,27.1,1.8,48.8,331.1,1.6,534.7
2001,Cucumber,1335.1,10.2,13555.8,1292.7,10.1,13105.4,42.4,10.6,450.4
2001,Eggplants,2623.6,1,2696.6,497.1,3.2,1597.2,2126.5,0.5,1099.4
2001,Jew's mallow,1136.7,3.3,3723,101,3.9,392.2,1035.7,3.2,3330.8
2001,Lettuce,411.3,2.5,1022.3,384.4,2.5,950.6,26.9,2.7,71.7
2001,Okra,2712.9,0.9,2366.9,155.8,1.4,213.8,2557.1,0.8,2153.1
2001,Onion dry,9.3,3.6,33.1,0,0,0,9.3,3.6,33.1
2001,Onion green,446,1.1,496.7,432.5,1,435.5,13.5,4.5,61.2
2001,Others_(Vegetables),635.4,2.3,1448.7,601.5,2.2,1328.4,33.9,3.6,120.2
2001,Parsley,756.4,2.6,1953.8,715.8,2.6,1849.6,40.6,2.6,104.2
2001,Pepper,2883.3,4.7,6824.1,2511.6,4.8,6087.6,371.7,6.3,736.5
2001,Potato,7139.3,1.5,10561.2,5464.7,1.6,8940.2,1674.6,1,1621
2001,Radish,283.7,1.5,434.6,283.7,1.5,434.6,0,0,0
2001,Spinach,316.9,2.2,707,316.9,2.2,707,0,0,0
2001,Squash,5365.5,0.7,3483.6,4352.8,0.6,2611.7,1012.7,0.9,871.9
2001,Sweet melon,155.4,4,627.2,0,0,0,155.4,4,627.2
2001,Tomatoes,7980.5,2.7,21221.4,1919.6,1.7,3347.8,6060.9,3,17873.6
2001,Turnip,6.8,2.5,17.3,6.8,2.5,17.3,0,0,0
2002,Beans,2095.3,4.8,5071.1,1417.3,5.3,3622.9,678,4.1,1448.2
2002,Cabbage,988.3,4,3951.9,954.8,4,3845.9,33.5,3.2,106
2002,Cauliflower,936.7,4.2,3909.2,896.5,4.2,3782.3,40.2,3.2,126.9
2002,Cowpeas,377.2,1.4,532.2,0,0,0,377.2,1.4,532.2
2002,Cucumber,1588.7,14,17636.9,1555.4,11.3,17513.8,33.3,10.3,123.1
2002,Eggplants,2097,2.9,6125,246.5,4.4,1075,1850.5,2.7,5050
2002,Jew's mallow,2163.8,4.4,9520.9,113.4,6.5,737,2050.4,4.3,8783.9
2002,Lettuce,367.4,2.7,978.4,367.4,2.7,978.4,0,0,0
2002,Okra,1436.2,2.5,3625,0,0,0,1436.2,2.5,3625
2002,Onion green,304,5.5,1678.4,304,5.5,1678.4,0,0,0
2002,Others_(Vegetables),126.7,4.7,600.4,126.7,4.7,600.4,0,0,0
2002,Parsley,854.5,2.5,2128.6,854.5,2.5,2128.6,0,0,0
2002,Peas,33.5,1.6,54.8,33.5,1.6,54.8,0,0,0
2002,Pepper,2861,5.9,8386.7,2177.8,6.6,6861.4,683.2,4.6,1525.3
2002,Potato,5187,4.1,21486.5,4618.2,3.9,17789.3,568.8,6.5,3697.2
2002,Radish,200.4,2.2,444.1,200.4,2.2,444.1,0,0,0
2002,Spinach,210.6,3.1,647.6,210.6,3.1,647.6,0,0,0
2002,Squash,4161.8,2.3,9517.9,3701.4,2.3,8531.7,460.4,2.1,986.2
2002,Sweet melon,133.9,4.8,636,0,0,0,133.9,4.8,636
2002,Tomatoes,6379.6,4,25168.2,1256.6,3.9,4855.5,5123,4,20312.7
2003,Beans,3170.5,2.8,4711.9,1717.9,2.8,2197.9,1452.6,2.5,2514
2003,Cabbage,610.8,3.2,1933.7,544.2,3.1,1707.2,66.6,3.4,226.5
2003,Cauliflower,1378.3,3.1,4275,1265.1,3.1,3878.8,113.2,3.5,396.2
2003,Cowpeas,106.9,4,430.6,0,0,0,106.9,4,430.6
2003,Cucumber,1651.4,15,24715.2,1494.3,16.1,24010.4,157.1,4.5,704.8
2003,Eggplants,2334.6,3.5,8100,209.7,3.3,692.6,2124.9,3.5,7407.4
2003,Jew's mallow,1187.3,3.6,4307.5,0,0,0,1187.3,3.6,4307.5
2003,Lettuce,429.4,2.1,878.7,376.3,1.8,666.1,53.1,4,212.6
2003,Okra,1680.6,1.9,3179.7,0,0,0,1680.6,1.9,3179.7
2003,Onion dry,180.5,3.8,677.1,180.5,3.8,677.1,0,0,0
2003,Onion green,333,1.2,381.3,266.1,0.6,150.6,66.9,3.5,230.7
2003,Others_(Vegetables),119.6,2.2,264.7,92.9,2.4,224.6,26.7,1.5,40.1
2003,Parsley,320.2,3.7,1192.3,273.4,3.7,1000.4,46.8,4.1,191.9
2003,Pepper,3294.5,7.4,12148.1,2726.7,7.2,9873.5,567.8,7.7,2274.6
2003,Potato,5814.2,3,17528.3,5326.6,2.7,14376.5,487.6,6.5,3151.8
2003,Radish,167.2,3.3,549.9,167.2,3.3,549.9,0,0,0
2003,Spinach,290,2.8,801.6,243.5,2.8,678.4,46.5,2.7,123.2
2003,Squash,5582.2,2.1,11873.1,4448.6,2,8946.1,1133.6,2.6,2927
2003,Sweet melon,40.1,6.5,260.8,0,0,0,40.1,6.5,260.8
2003,Tomatoes,8475.5,7.2,60971.3,2021.5,11.8,23809.2,6454,5.8,37162.1
2004,Beans,3240,3.4,5378.6,2166,3.1,3183,1074,3.7,2195.6
2004,Cabbage,1323,3.9,5169.2,1010,4,4038,313,3.6,1131.2
2004,Carrot,7,3.4,23.5,7,3.4,23.5,0,0,0
2004,Cauliflower,1107.5,2.6,2894.9,923.5,2.5,2289.4,184,3.3,605.5
2004,Cowpeas,499,1.2,597.9,82.5,1.1,91.4,416.5,1.2,506.5
2004,Cucumber,1972,12.8,22302.5,1690.5,13,19309.6,281.5,10.6,2992.9
2004,Eggplants,2153,3.1,6750.2,407.5,3.8,1527.7,1745.5,3,5222.5
2004,Jew's mallow,1462,4.4,6385.9,147,2.9,426.3,1315,4.5,5959.6
2004,Lettuce,1265.5,2.7,3385.1,919.5,2.6,2399,346,2.9,986.1
2004,Okra,3156,1.9,6044.4,73.5,0.4,27.4,3082.5,2,6017
2004,Onion dry,257,3.4,867.7,155,3.2,501.7,102,3.6,366
2004,Onion green,394,3.5,1366.4,110,3.1,344,284,3.6,1022.4
2004,Others_(Vegetables),295,1.7,485.7,166,1.7,285.5,129,1.6,200.2
2004,Parsley,280,2.8,770,280,2.8,770,0,0,0
2004,Peas,17,1.4,23,14,1.4,18.9,3,1.4,4.1
2004,Pepper,3292.5,6.8,11178.1,2659.5,6.7,8840.8,633,7.5,2337.3
2004,Potato,6520.5,3.8,24985.9,5038.5,4.1,20688.1,1482,2.9,4297.8
2004,Radish,197,2.3,444,183,2.3,412.5,14,2.3,31.5
2004,Spinach,533.5,2.8,1513.1,492.5,2.9,1402.6,41,2.7,110.5
2004,Squash,5853,2.3,13383.8,4088.5,1.9,7698.6,1764.5,3.2,5685.2
2004,Sweet melon,135.5,3.8,519.8,0,0,0,135.5,3.8,519.8
2004,Tomatoes,5088.5,6.5,33154,1540,10.7,16525.7,3548.5,4.7,16628.3
2004,Turnip,49,1.8,87.7,34,1.9,62.9,15,1.7,24.8
2004,Water melon,10,6.8,67.5,0,0,0,10,6.8,67.5
2005,Beans,3452.6,2.5,4034.6,2967.5,2.6,3367.6,485.1,1.4,667
2005,Cabbage,624.8,2.8,1759.6,556.1,2.7,1515.9,68.7,3.6,243.7
2005,Carrot,13.7,0.8,10.3,13.7,0.8,10.3,0,0,0
2005,Cauliflower,1174,2.8,3334.2,1174,2.8,3334.2,0,0,0
2005,Cowpeas,384.5,3.4,1297.3,0,0,0,384.5,3.4,1297.3
2005,Cucumber,1822.8,13.3,19497.2,1822.8,13.3,19497.2,0,0,0
2005,Eggplants,1482.9,3.1,4565.4,260.9,3.7,966.6,1222,3,3598.8
2005,Jew's mallow,871.9,3.7,3193.8,0,0,0,871.9,3.7,3193.8
2005,Lettuce,274.6,2.2,607.7,274.6,2.2,607.7,0,0,0
2005,Okra,1965.5,1.3,2637.9,68.6,0.7,50.5,1896.9,1.4,2587.4
2005,Onion green,567.2,2.4,1353.9,567.2,2.4,1353.9,0,0,0
2005,Others_(Vegetables),17.2,0.5,8.6,17.2,0.5,8.6,0,0,0
2005,Parsley,137.4,2.6,350.1,68.7,2.5,171.6,68.7,2.6,178.5
2005,Peas,34.3,1,35.7,34.3,1,35.7,0,0,0
2005,Pepper,2290,6.1,7056.6,1956.6,6.2,6067.4,333.4,6,989.2
2005,Potato,8652.9,3.5,30262.1,8058.3,3.5,28220.2,594.6,3.4,2041.9
2005,Radish,140.7,1.2,174.2,140.7,1.2,174.2,0,0,0
2005,Spinach,185.4,1.4,261.6,185.4,1.4,261.6,0,0,0
2005,Squash,3060.2,1.5,4689.8,2999,1.5,4600.5,61.2,1.5,89.3
2005,Sweet melon,20.6,3,61.8,0,0,0,20.6,3,61.8
2005,Tomatoes,4307.4,6.6,28219.7,1452,9.5,13811.4,2855.4,5.1,14408.3
2005,Turnip,96.1,1.3,120.1,96.1,1.3,120.1,0,0,0
2006,Beans,2605,2.6,3067.1,2319,2.8,2666.1,286,1.4,401
2006,Cabbage,820.5,3.5,2878.8,794.5,3.5,2769.6,26,4.2,109.2
2006,Carrot,2,2.8,5.5,2,2.8,5.5,0,0,0
2006,Cauliflower,1075.5,2.4,2531,1046.5,2.4,2477.1,29,1.9,53.9
2006,Cowpeas,202,1.5,296.4,9,1,8.6,193,1.5,287.8
2006,Cucumber,1776.5,10.2,15550.8,1759.5,8.8,15411.5,17,10.5,139.3
2006,Eggplants,1188,3.2,3783.7,341.5,3.2,1088.4,846.5,3.2,2695.3
2006,Jew's mallow,978.5,2.4,2327.4,108,2.6,281.7,870.5,2.4,2045.7
2006,Lettuce,732,2.6,1897.4,703,2.6,1818,29,2.7,79.4
2006,Okra,2493.5,0.3,755.7,117,0.6,68.9,2376.5,0.3,686.8
2006,Onion dry,68.5,4.2,286.7,19,4.3,82.2,49.5,4.1,204.5
2006,Onion green,476.5,2.3,1108,448.5,2.3,1042.8,28,2.3,65.2
2006,Others_(Vegetables),229.5,1.3,308.6,195.5,1.3,250.9,34,1.7,57.7
2006,Parsley,101.5,2.1,211.6,98.5,2.1,206.9,3,1.6,4.7
2006,Peas,13,1.2,15.9,13,1.2,15.9,0,0,0
2006,Pepper,2527,5.2,6292.1,1919,5.5,4835.2,608,4.8,1456.9
2006,Potato,6529.5,2.7,17676.8,6247.5,2.7,16874.5,282,2.9,802.3
2006,Radish,150,2.3,345.3,150,2.3,345.3,0,0,0
2006,Spinach,310,1.1,338.2,310,1.1,338.2,0,0,0
2006,Squash,4109,1.9,7675.5,3856,1.9,7164.4,253,2,511.1
2006,Sweet melon,137,3.6,495.1,9.5,1.3,12.3,127.5,3.8,482.8
2006,Tomatoes,3629.5,7.9,28705.6,1636.5,10.7,17463.1,1993,5.6,11242.5
2006,Turnip,72,1.6,115.2,72,1.6,115.2,0,0,0
2006,Water melon,32,3.7,119.7,0,0,0,32,3.7,119.7
2007,Beans,2677.1,2.9,3968.3,1838.9,2.9,2667.6,838.2,2.4,1300.7
2007,Cabbage,577,4.3,2463.5,562,4.3,2406.5,15,3.8,57
2007,Carrot,10,4.5,45,10,4.5,45,0,0,0
2007,Cauliflower,869,3.3,2881.9,824.5,3.3,2743.9,44.5,3.1,138
2007,Cowpeas,244,1.4,346.2,31,1.4,43.1,213,1.4,303.1
2007,Cucumber,2074.1,12.6,23163.1,2051.1,11.2,22992.8,23,9.7,170.3
2007,Eggplants,2168,3.4,7259.3,398,3.6,1443.1,1770,3.3,5816.2
2007,Jew's mallow,1041,2.8,2938,1,2.1,2.1,1040,2.8,2935.9
2007,Lettuce,588,4.4,2604.1,570,4.4,2528,18,4.2,76.1
2007,Okra,3001.8,0.7,2058.5,34,0.8,25.6,2967.8,0.7,2032.9
2007,Onion dry,538,2.2,1156.7,479,2.2,1046.6,59,1.9,110.1
2007,Onion green,94,2.5,230.7,83.5,2.5,209.9,10.5,2,20.8
2007,Others_(Vegetables),466.5,1.4,652.5,438,1.4,616,28.5,1.3,36.5
2007,Parsley,156.5,3.2,502.7,129.5,3.3,432.5,27,2.6,70.2
2007,Peas,21,1.7,34.6,20,1.7,33.3,1,1.3,1.3
2007,Pepper,3109.2,6,9221.8,2097.2,6.2,6310.2,1012,5.7,2911.6
2007,Potato,4637.7,2.7,12707.8,4448.2,2.8,12241.4,189.5,2.5,466.4
2007,Radish,158.5,2.4,386.8,121.5,2.5,305.6,37,2.2,81.2
2007,Spinach,209,3.4,713.9,205,3.4,701.3,4,3.2,12.6
2007,Squash,4185.5,2,8442.2,3746.5,2.1,7717.8,439,1.7,724.4
2007,Sweet melon,154.5,4.6,715.8,24,4.7,113.2,130.5,4.6,602.6
2007,Tomatoes,6828.4,6.3,42739.1,2365.5,7.7,18273.5,4462.9,5.5,24465.6
2007,Water melon,146.5,4.8,696.3,12,4.8,57.6,134.5,4.8,638.7
2008,Beans,2640,2.6,3398.1,1528.5,2.6,1799,1111.5,2.2,1599
2008,Cabbage,677.5,4.4,2991.3,599.5,4.4,2660.7,78,4.2,330.6
2008,Carrot,1,4.6,4.6,1,4.6,4.6,0,0,0
2008,Cauliflower,1307.7,2.2,2835.2,1105.7,2.1,2361.9,202,2.3,473.3
2008,Cowpeas,175.5,1.1,197.5,13,1.2,15.6,162.5,1.1,181.9
2008,Cucumber,2139.5,11.5,21153.5,1986.5,10,19783.7,153,10.6,1369.8
2008,Eggplants,1770,3.1,5499.8,465.3,2.9,1325.9,1304.7,3.2,4173.8
2008,Jew's mallow,1316.5,2.8,3717.6,37.5,2.8,103.4,1279,2.8,3614.2
2008,Lettuce,981,3.4,3288.5,746.5,3.3,2492.6,234.5,3.4,795.9
2008,Okra,3720,0.6,2356.6,38,0.7,25.4,3682,0.6,2331.1
2008,Onion dry,37,2.6,94.2,0,0,0,37,2.6,94.2
2008,Onion green,550,2.1,1154.9,410,2.1,870.8,140,2,284.1
2008,Others_(Vegetables),481.3,1.3,647.3,430.3,1.3,577.6,51,1.4,69.6
2008,Parsley,100.5,3,305.8,92.5,3.1,281.8,8,3,24
2008,Peas,5,1.4,7,5,1.4,7,0,0,0
2008,Pepper,3498.3,5.1,9596.6,2462.3,5.4,7310.7,1036,4.7,2285.8
2008,Potato,8893,2.2,19243.2,7617,2.1,16057.7,1276,2.5,3185.4
2008,Radish,141,2.7,375.8,127,2.7,341,14,2.5,34.8
2008,Spinach,363,3.2,1172.8,290,3.2,926.6,73,3.4,246.2
2008,Squash,5660.8,1.3,7052.2,4228.3,1.2,4974.3,1432.5,1.5,2077.9
2008,Sweet melon,223.5,4.3,956.2,30.5,4.4,134.2,193,4.3,822
2008,Tomatoes,5682.5,5.3,29853.7,1716,7.3,12589.2,3966.5,4.4,17264.4
2008,Turnip,16,3.7,59.3,13,3.8,48.8,3,3.5,10.5
2008,Water melon,69,4.2,290.1,1,4.3,4.3,68,4.2,285.8
2009,Beans,2565.8,2,2407.6,1820.3,2.1,1502.5,745.5,1.9,905.1
2009,Cabbage,744,2.8,2084,651,2.8,1823.6,93,2.8,260.4
2009,Carrot,3,2.2,6.7,3,2.2,6.7,0,0,0
2009,Cauliflower,1314,1.8,2324,1180,1.7,1976.8,134,2.6,347.1
2009,Cowpeas,223.5,1.1,240.5,13,1,13.5,210.5,1.1,227
2009,Cucumber,1985,10.6,17582.4,1810.5,9,16270.5,174.5,10.2,1311.9
2009,Eggplants,1474.3,2.4,3555.5,540.5,3.3,1764.9,933.8,1.9,1790.6
2009,Jew's mallow,757,3,2234.5,48,3.2,153.5,709,2.9,2081
2009,Lettuce,1534,2.5,3835,1156,2.5,2890,378,2.5,945
2009,Okra,2900,0.4,1160,42,0.4,16.8,2858,0.4,1143.2
2009,Onion dry,549.5,3.5,1939.2,80,3.3,260.9,469.5,3.6,1678.3
2009,Onion green,696.5,2.5,1742.2,696.5,2.5,1742.2,0,0,0
2009,Others_(Vegetables),352,1.5,531,258,1.6,405.9,94,1.3,125
2009,Parsley,136.5,2.1,286.8,136.5,2.1,286.8,0,0,0
2009,Peas,33,1.3,41.9,18,1.3,23.9,15,1.2,18
2009,Pepper,3643.1,5.6,10525.1,2864.8,5.8,8441.4,778.3,5.3,2083.7
2009,Potato,7351.5,4,29139,6138,4,24340.9,1213.5,4,4798.1
2009,Radish,213.5,2.2,474.1,154,2.2,337.9,59.5,2.3,136.2
2009,Spinach,400,3.3,1329.3,367,3.3,1214.7,33,3.5,114.6
2009,Squash,3783,1.9,7061.6,2836.5,2,5729.5,946.5,1.4,1332
2009,Sweet melon,88.5,3.5,309.6,10,3.1,31,78.5,3.6,278.6
2009,Tomatoes,6456,4.6,29771.5,2023,6.1,12431,4433,3.9,17340.6
2009,Turnip,28,2.1,58.7,28,2.1,58.7,0,0,0
2009,Water melon,16,4.5,72.3,0,0,0,16,4.5,72.3
2010,Beans,2743,2.6,3496.2,1818.5,2.7,2172.3,924.5,2.3,1323.7
2010,Cabbage,556.5,3.9,2143.4,516.5,3.8,1981.4,40,4.1,162
2010,Cauliflower,1142,2.3,2664.7,943,2.3,2205.4,199,2.3,459.3
2010,Cowpeas,183,1.2,215,0,0,0,183,1.2,215
2010,Cucumber,2242.3,6.3,10178.2,2132.8,4.6,9738.4,109.5,6.3,439.8
2010,Eggplants,1642.5,2.9,4786.5,494.5,4,1980.4,1148,2.4,2806.1
2010,Jew's mallow,1370,2.8,3821.3,34,2.3,78.3,1336,2.8,3743
2010,Lettuce,1476,3.2,4756.8,1276,3.4,4344.2,200,2.1,412.6
2010,Okra,3529.5,0.6,2100.6,24,0.4,10.6,3505.5,0.6,2090
2010,Onion dry,276,2.5,675.7,236,2.5,598.3,40,1.9,77.4
2010,Onion green,88.5,2,178.4,7.5,2.4,17.8,81,2,160.6
2010,Others_(Vegetables),359,1.4,507.2,325,1.4,463.6,34,1.3,43.6
2010,Parsley,134.3,2.5,341.6,122.3,2.5,308,12,2.8,33.6
2010,Peas,23.5,1.3,29.8,13,1.4,18.2,10.5,1.1,11.6
2010,Pepper,3567.8,5.4,9743.5,2576.3,5.6,7236.5,991.5,5.3,2506.8
2010,Potato,8037.5,2.8,22454.8,6882.5,2.9,20053.6,1155,2.1,2401.1
2010,Radish,437,2.4,1065.1,357,2.4,870.4,80,2.4,194.7
2010,Spinach,383,2.9,1107,356.5,2.9,1027.6,26.5,3,79.4
2010,Squash,4310.5,1.6,7006.4,2797.5,1.8,5028.8,1513,1.3,1977.7
2010,Sweet melon,175.5,3.9,685.5,20.5,2.4,49.2,155,4.1,636.3
2010,Tomatoes,5670.8,5.2,29588.2,2717.8,6,16207.3,2953,4.5,13380.8
2010,Turnip,18,2.9,52.3,13,2.8,36.3,5,3.2,16
2010,Water melon,34,4.5,153.7,0,0,0,34,4.5,153.7
2011,Beans,2582.3,3.4,4262.4,1223.5,3.7,2483.1,1358.8,3.1,1779.3
2011,Cabbage,322.5,4.4,1410.3,202,4.8,964.4,120.5,3.7,445.9
2011,Carrot,6,3.5,21,6,3.5,21,0,0,0
2011,Cauliflower,832.5,3.7,3074.9,590.5,3.8,2236.4,242,3.5,838.4
2011,Cowpeas,159.5,1.1,179.6,8,1.1,8.9,151.5,1.1,170.7
2011,Cucumber,1877.5,14,23035.9,1674,12.5,20999.2,203.5,12.5,2036.7
2011,Eggplants,1785.5,5.3,9494.1,643.5,6.2,3995.1,1142,4.8,5498.9
2011,Jew's mallow,1086,2.2,2418.5,62.5,3,185.8,1023.5,2.2,2232.8
2011,Lettuce,1045,2.2,2301.2,877,2.1,1797.3,168,3,503.9
2011,Okra,3042.8,1.5,4552.2,27,1.5,41.7,3015.8,1.5,4510.5
2011,Onion dry,610,2.6,1603.5,353.5,2.6,920.2,256.5,2.7,683.3
2011,Others_(Vegetables),390,1.4,555.1,200,1.5,291.6,190,1.4,263.5
2011,Parsley,96,2.5,238.8,78,2.5,196.2,18,2.4,42.6
2011,Peas,42.8,3.4,144.4,28.5,3.5,98.5,14.3,3.2,45.9
2011,Pepper,3619.8,8.5,16760.2,2974.3,9,14874.3,645.5,7.3,1885.8
2011,Potato,7152.5,2.4,17459.6,5705.5,2.4,13851.2,1447,2.5,3608.4
2011,Radish,372.5,2.5,924,170,2.5,426.1,202.5,2.5,497.9
2011,Spinach,235.5,4.4,1027.1,154.5,4.3,664.3,81,4.5,362.8
2011,Squash,5141.5,2.9,15016.9,3223.5,3,9797.2,1918,2.7,5219.6
2011,Sweet melon,148.5,6.3,933.5,13.5,7.4,99.6,135,6.2,833.8
2011,Tomatoes,6608.5,5,33209.1,3679.5,5.9,21863,2929,3.9,11346.1
2011,Turnip,27,3.2,85.3,9,3.1,27.7,18,3.2,57.6
2011,Water melon,230,4.4,1009.8,0,0,0,230,4.4,1009.8
2012,Beans,2270,2,1923.8,1802.5,1.9,1124.7,467.5,2.2,799.1
2012,Cabbage,480,4,1901.3,445,4,1778.8,35,3.5,122.5
2012,Carrot,17,3.9,66.3,0,0,0,17,3.9,66.3
2012,Cauliflower,563,2,1103.4,516,1.9,985.9,47,2.5,117.5
2012,Cowpeas,292,0.4,116.8,12,0.4,4.8,280,0.4,112
2012,Cucumber,2238,7.4,13672.4,2007,6.6,11867,231,11.3,1805.4
2012,Eggplants,1824,4.2,7587.1,693,5.9,4098.5,1131,3.1,3488.5
2012,Jew's mallow,1293.5,1.2,1563.2,46.5,3,138.7,1247,1.1,1424.4
2012,Lettuce,1279.5,1.5,1940.3,1046,1.5,1590,233.5,1.5,350.3
2012,Okra,3225.3,0.4,1204.4,44,0.2,10.4,3181.3,0.4,1193.9
2012,Onion dry,221,2.3,512.1,178,2.3,408.4,43,2.4,103.7
2012,Onion green,10,3.8,38.4,10,3.8,38.4,0,0,0
2012,Others_(Vegetables),494,2.1,1022.3,259.5,2.8,735.3,234.5,1.2,287
2012,Parsley,48,2.5,120,43,2.5,107.5,5,2.5,12.5
2012,Peas,34,3,103,30,3,91,4,3,12
2012,Pepper,3233.5,5.8,8420.7,2473.5,7.2,6697.2,760,4.5,1723.5
2012,Potato,9164.5,2.5,22958.9,8273,2.5,20601,891.5,2.6,2357.9
2012,Radish,219,2,436.2,166,2.5,415,53,0.4,21.2
2012,Spinach,145,2.6,379.7,107,2.5,267.9,38,2.9,111.8
2012,Squash,4067,1.7,6883.4,3066,1.6,4768.5,1001,2.1,2115
2012,Sweet melon,91,6.8,614,30,6,180,61,7.1,434
2012,Tomatoes,4753.5,4.5,21516.1,3392.5,4.5,15223.1,1361,4.6,6293
2012,Turnip,48.5,1.8,84.9,29.5,1.2,35.4,19,2.6,49.5
2012,Water melon,10,3.5,35,0,0,0,10,3.5,35
2013,Beans,2696.5,4,5351,1661.5,4.4,3362.2,1035,3.7,1988.9
2013,Cabbage,500.5,4.7,2370.3,482.5,4.8,2290.2,18,4.5,80.1
2013,Carrot,37,4.2,155.9,37,4.2,155.9,0,0,0
2013,Cauliflower,616,3.1,1885.6,457,3.1,1422.6,159,2.9,462.9
2013,Cowpeas,168,1.9,324.3,0,0,0,168,1.9,324.4
2013,Cucumber,2214.5,9.4,15413.1,1898.5,9.3,13433,316,9.1,1980
2013,Eggplants,2025.7,3.5,6995.6,726.7,4.1,2977.5,1299,3.1,4018
2013,Jew's mallow,1522.5,1.9,2896.1,8,1.5,12,1514.5,1.9,2884.1
2013,Lettuce,1441,3.8,5540.2,1352,3.8,5164.6,89,4.2,375.6
2013,Okra,2171,1.4,3034.2,17,1.2,20.8,2154,1.4,3013.4
2013,Onion dry,5.5,3.3,18,3.5,3.3,11.6,2,3.2,6.4
2013,Onion green,307,2.3,695.9,266.5,2.3,610.2,40.5,2.1,85.7
2013,Others_(Vegetables),586,1.9,1119.1,257,2,501.2,329,1.9,617.8
2013,Parsley,97,2.9,282.7,62,2.8,174.4,35,3.1,108.3
2013,Peas,33.5,1.5,48.7,30.5,1.5,45.1,3,1.2,3.6
2013,Pepper,4086,6.2,12570.4,2611.5,6.8,8789.8,1474.5,5.2,3780.5
2013,Potato,6937.5,3.5,23986,5905.5,3.5,20681.1,1032,3.2,3304.9
2013,Radish,140,2.1,287,104,2,212.6,36,2.1,74.4
2013,Spinach,62,4.1,254,42,4.1,174,20,4,80
2013,Squash,4291.5,2.3,9985.8,2908,2.2,6499.4,1383.5,2.5,3486.4
2013,Sweet melon,306.5,4.3,1311,56,4.5,253,250.5,4.2,1058
2013,Tomatoes,6288.5,10.5,65767.2,3758,12.2,45730,2530.5,7.9,20037.1
2013,Turnip,41.5,3,123.2,28.5,3,85.5,13,2.9,37.7
2013,Water melon,107,4.5,481.5,0,0,0,107,4.5,481.5
2014,Beans,1592.9,1.6,1242.2,891.8,1.6,752.4,701,1.5,489.8
2014,Cabbage,516.2,3.3,1718.9,500,3.3,1665,16.2,3.3,53.9
2014,Carrot,62.9,6,377.2,62.9,6,377.2,0,0,0
2014,Cauliflower,977.4,3.6,3518.4,753.9,3.6,2713.9,223.5,3.6,804.5
2014,Cowpeas,234.5,0.6,141.7,0,0,0,234.4,0.6,141.7
2014,Cucumber,1754,13.3,21991.4,1493.3,13.2,19664.7,260.6,9.8,2326.7
2014,Eggplants,2422.2,2.8,6763.8,687.5,4.8,3275.2,1734.7,2,3488.5
2014,Jew's mallow,1021.1,2.4,2430.5,267.2,2.3,614.5,753.9,2.4,1816
2014,Lettuce,1753.3,4.2,7334.8,1562.8,4.2,6563.8,190.5,4.1,771
2014,Okra,2790.1,0.3,828.4,105.7,1,100.4,2684.4,0.3,728
2014,Onion dry,69.8,2.8,192,69.8,2.8,192,0,0,0
2014,Onion green,604.2,2.1,1290.7,561.6,2.1,1197.8,42.6,2.2,92.9
2014,Others_(Vegetables),542.7,1.6,888,278.8,1.9,524.4,263.9,1.4,363.7
2014,Parsley,19.3,2.5,47.2,0,0,0,19.3,2.5,47.2
2014,Peas,39.4,2.1,83.6,39.4,2.1,83.6,0,0,0
2014,Pepper,3247.7,5.9,11104,2290.4,6,8346.5,957.3,5.4,2757.5
2014,Potato,8675.1,2.8,24452.6,8184.9,2.8,23077.7,490.2,2.8,1374.9
2014,Radish,211.1,2.3,486.9,81.6,2.3,184.9,129.5,2.3,302
2014,Spinach,87.2,3.6,313.8,45.2,3.6,162.6,42,3.6,151.2
2014,Squash,3000.4,2.4,7042,2154.4,2.5,5328,846,2,1713.9
2014,Sweet melon,473.3,2.8,1318.3,103.1,3.2,326.7,370.2,2.7,991.6
2014,Tomatoes,8563,10.7,91187.8,5161,13.8,71452.1,3402,5.8,19735.7
2014,Water melon,39.5,2.3,89.9,0,0,0,39.5,2.3,89.9
2015,Beans,1352.6,3.6,2105.7,880.5,2.7,837.3,472.1,3.6,1268.3
2015,Cabbage,408,5,2035,408,5,2035,0,0,0
2015,Carrot,283,6,1697.8,283,6,1697.8,0,0,0
2015,Cauliflower,422.9,3.6,1520.6,402.9,3.6,1442.7,20,3.9,77.9
2015,Cowpeas,390.7,1,383.6,0,0,0,390.7,1,383.6
2015,Cucumber,1642.1,10.3,15229.9,1401.8,9.2,12931.5,240.2,10.8,2298.5
2015,Eggplants,2227.4,3.4,7548.7,482.7,4,1951.6,1744.7,3.2,5597.1
2015,Jew's mallow,2117.3,2.5,5370,0,0,0,2117.3,2.5,5370
2015,Lettuce,1553.6,4.2,6522.5,1540.3,4.2,6469.3,13.3,4,53.2
2015,Okra,2870.1,1.1,3087.2,37.6,1.2,45.2,2832.5,1.1,3042
2015,Onion dry,327.6,4.3,1402.9,56.6,3.8,212.3,271,4.4,1190.6
2015,Onion green,405.2,2.2,891,405.2,2.2,891,0,0,0
2015,Others_(Vegetables),410,2.1,863.2,308.2,2.3,707.6,101.7,1.5,155.5
2015,Parsley,43.3,5,216.3,43.3,5,216.3,0,0,0
2015,Peas,65,2.1,137.3,55,2.1,116.1,10,2.1,21.2
2015,Pepper,3799.8,5.5,12196.7,1884.8,6.7,7070.6,1915.1,4.4,5126.2
2015,Potato,10615.5,2.5,25994.2,9646.2,2.4,23204.4,969.3,2.9,2789.8
2015,Radish,341.2,2.8,967.3,341.2,2.8,967.3,0,0,0
2015,Spinach,220.1,5.9,1298.2,220.1,5.9,1298.2,0,0,0
2015,Squash,2892,2.9,8251.4,2285.8,3,6768.5,606.2,2.5,1482.9
2015,Sweet melon,168.2,3.2,533.2,0,0,0,168.2,3.2,533.2
2015,Tomatoes,7961.3,9.6,76037.1,5189.3,10.7,55659.3,2772,7.4,20377.9
2015,Turnip,189.8,5.2,991,189.8,5.2,991,0,0,0
2015,Water melon,50,4,200.3,0,0,0,50,4,200.3
2016,Beans,1594.8,3.8,3058.6,946.2,3.9,1645.2,648.6,4.1,1413.4
2016,Cabbage,517.2,5.7,2967.7,380.4,6,2283.7,136.8,5,684
2016,Carrot,266.9,5.5,1468.9,266.9,5.5,1468.9,0,0,0
2016,Cauliflower,1024.3,4,4054.6,847.5,4,3418,176.8,3.6,636.6
2016,Cowpeas,70.1,1.5,108.1,0,0,0,70.1,1.5,108.1
2016,Cucumber,1716.7,11.5,19733.6,1456.4,11.9,17261.1,260.3,9.5,2472.5
2016,Eggplants,2753.5,3.8,10424.9,1266.6,4.2,5332.8,1486.8,3.4,5092.1
2016,Jew's mallow,1273,2.5,3221.6,90.1,2.4,220.2,1182.9,2.5,3001.4
2016,Lettuce,1396.4,3.9,5500.8,972.6,4,3890.5,423.8,3.8,1610.3
2016,Okra,2522.5,1.3,3179.3,241.9,1.1,266.1,2280.6,1.3,2913.2
2016,Onion dry,409.4,3.6,1456.3,63.4,3.9,245.3,346,3.5,1211
2016,Onion green,407.7,1.7,700.6,341,1.7,593.8,66.7,1.6,106.8
2016,Others_(Vegetables),582.2,3.4,1967.1,503.8,3.5,1750.3,78.4,2.8,216.9
2016,Peas,82.7,2.2,182.7,66,2,132.6,16.7,3,50.1
2016,Pepper,3852.5,10.2,18936.3,2768,10.3,13841,1084.3,10.2,5095.3
2016,Potato,9171.9,4,36640.7,8861,4,35459.2,310.9,3.8,1181.5
2016,Radish,231.9,3.2,752.5,96.8,2.9,281,135.1,3.5,471.5
2016,Spinach,220.3,4.4,958.4,186.9,4.5,841.6,33.4,3.5,116.8
2016,Squash,2771,3.4,9311.3,1815.1,3.3,5897.6,955.9,3.6,3413.7
2016,Sweet melon,357.1,4.4,1583.3,133.5,6,800.8,223.6,3.5,782.5
2016,Tomatoes,5344.6,9.5,50672.6,3123.3,10.9,34085.9,2221.2,7.5,16586.7
2016,Turnip,220.2,3.9,868.2,156.8,4,627.3,63.4,3.8,240.9
2017,Beans,1945,3.5,3489.6,1310.5,4.1,2536.5,634.5,3.5,953.1
2017,Cabbage,715.5,5,3593.3,369,5.1,1898,346.5,4.9,1695.3
2017,Carrot,406.5,4.1,1684,313.5,4.2,1324.5,93,3.9,359.5
2017,Cauliflower,1286.6,3.9,4960.7,658.8,4,2616.9,627.8,3.7,2343.8
2017,Cowpeas,236.4,1.5,346.9,39,1.3,49.3,197.4,1.5,297.6
2017,Cucumber,1673.7,12.6,15995.9,1128.7,13.6,12864.4,545,11.1,3131.5
2017,Eggplants,2790.6,3.6,9990.7,780.5,4.4,3392.5,2010.1,3.3,6598.2
2017,Jew's mallow,823,2.8,2303.8,83,2.9,242.7,740,2.8,2061
2017,Lettuce,2753.5,3.5,9659.8,1417.5,3.2,4481.5,1336,3.9,5178.2
2017,Okra,2523.2,0.6,1608.7,111.4,1,105.9,2411.8,0.6,1502.8
2017,Onion dry,1235,3.8,4718.1,639,4.1,2632.1,596,3.5,2086
2017,Onion green,567.7,3,1693.8,506.7,3,1526.4,61,2.7,167.4
2017,Others_(Vegetables),904.5,1.8,1597.4,509,1.8,938.7,395.5,1.7,658.2
2017,Parsley,140.5,4.6,642.3,140.5,4.6,642.3,0,0,0
2017,Peas,86,1.2,105.2,76,1.2,91.2,10,1.4,14
2017,Pepper,4745.6,5.9,14626.1,1901.4,6.2,6089.6,2844.2,5.6,8536.4
2017,Potato,5704.1,3.6,20410.5,5250.1,3.6,19034,454,3,1376.5
2017,Radish,224.5,4.6,1028,165,4.7,774.2,59.5,4.3,253.8
2017,Spinach,125,4.8,597.9,102,4.8,487,23,4.8,110.9
2017,Squash,3476.9,2.7,9381.1,1400.7,3,4181.3,2076.2,2.5,5199.8
2017,Sweet melon,476.5,4.8,2270.3,50,4.3,213,426.5,4.8,2057.2
2017,Tomatoes,8509.2,6.3,53973.1,3301.2,5.6,18387.6,5208,6.8,35585.4
2017,Turnip,430.5,4.9,2106.3,230,4.8,1113.8,200.5,5,992.5
